piece,perf,section,AR_Pass1,AR_Pass2,AR_Dixon,best_choice,best_AR
chopin_ballade1,BuiJL04M,0-28,0.0,0.0,10.344827586206897,Dixon+CQT,10.344827586206897
chopin_ballade1,BuiJL04M,28-166,0.0,0.0,0.0,Pass1,0.0
chopin_ballade1,BuiJL04M,166-221,0.0,0.0,0.0,Pass1,0.0
chopin_ballade1,BuiJL04M,221-244,0.0,0.0,0.0,Pass1,0.0
chopin_ballade1,BuiJL04M,244-370,12.195121951219512,7.317073170731707,0.0,Pass1,12.195121951219512
chopin_ballade1,BuiJL04M,370-387,16.666666666666664,0.0,0.0,Pass1,16.666666666666664
chopin_ballade1,BuiJL04M,387-532,83.33333333333334,0.0,0.0,Pass1,83.33333333333334
chopin_ballade1,BuiJL04M,532-691,84.90566037735849,0.0,0.0,Pass1,84.90566037735849
chopin_ballade1,BuiJL04M,691-703,100.0,0.0,0.0,Pass1,100.0
chopin_ballade1,BuiJL04M,703-736,45.45454545454545,0.0,0.0,Pass1,45.45454545454545
chopin_ballade1,BuiJL04M,736-808,58.333333333333336,91.66666666666666,0.0,Pass2,91.66666666666666
chopin_ballade1,BuiJL04M,808-1066,63.95348837209303,69.76744186046511,24.418604651162788,Pass2,69.76744186046511
chopin_ballade1,BuiJL04M,1066-1072,50.0,100.0,0.0,Pass2,100.0
chopin_ballade1,BuiJL04M,1072-1126,55.55555555555556,61.111111111111114,0.0,Pass2,61.111111111111114
chopin_ballade1,BuiJL04M,1126-1132,100.0,50.0,0.0,Pass1,100.0
chopin_ballade1,BuiJL04M,1132-1144,75.0,0.0,0.0,Pass1,75.0
chopin_ballade1,BuiJL04M,1144-1225,88.88888888888889,0.0,66.66666666666666,Pass1,88.88888888888889
chopin_ballade1,BuiJL04M,1225-1228,100.0,0.0,100.0,Pass1,100.0
chopin_ballade1,BuiJL04M,1228-1406,48.60335195530726,41.899441340782126,55.865921787709496,Dixon+CQT,55.865921787709496
chopin_ballade1,BuiJL04M,1406-1410,0.0,0.0,0.0,Pass1,0.0
chopin_ballade1,BuiJL04M,1410-1422,33.33333333333333,0.0,0.0,Pass1,33.33333333333333
chopin_ballade1,BuiJL04M,1422-1426,0.0,0.0,0.0,Pass1,0.0
chopin_ballade1,BuiJL04M,1426-1430,0.0,0.0,0.0,Pass1,0.0
chopin_ballade1,BuiJL04M,1430-1434,50.0,0.0,0.0,Pass1,50.0
chopin_ballade1,BuiJL04M,1434-1462,83.33333333333334,55.55555555555556,0.0,Pass1,83.33333333333334
chopin_ballade1,JIA06M,0-28,0.0,0.0,0.0,Pass1,0.0
chopin_ballade1,JIA06M,28-166,0.0,0.0,0.0,Pass1,0.0
chopin_ballade1,JIA06M,166-221,0.0,0.0,0.0,Pass1,0.0
chopin_ballade1,JIA06M,221-244,0.0,0.0,0.0,Pass1,0.0
chopin_ballade1,JIA06M,244-370,43.90243902439025,2.4390243902439024,0.0,Pass1,43.90243902439025
chopin_ballade1,JIA06M,370-387,0.0,0.0,0.0,Pass1,0.0
chopin_ballade1,JIA06M,387-532,89.58333333333334,2.083333333333333,83.33333333333334,Pass1,89.58333333333334
chopin_ballade1,JIA06M,532-691,77.35849056603774,0.0,64.15094339622641,Pass1,77.35849056603774
chopin_ballade1,JIA06M,691-703,100.0,50.0,0.0,Pass1,100.0
chopin_ballade1,JIA06M,703-736,45.45454545454545,45.45454545454545,45.45454545454545,Pass1,45.45454545454545
chopin_ballade1,JIA06M,736-808,0.0,0.0,4.166666666666666,Dixon+CQT,4.166666666666666
chopin_ballade1,JIA06M,808-1066,0.0,0.0,0.0,Pass1,0.0
chopin_ballade1,JIA06M,1066-1072,0.0,0.0,0.0,Pass1,0.0
chopin_ballade1,JIA06M,1072-1126,0.0,0.0,0.0,Pass1,0.0
chopin_ballade1,JIA06M,1126-1132,0.0,0.0,0.0,Pass1,0.0
chopin_ballade1,JIA06M,1132-1144,0.0,0.0,0.0,Pass1,0.0
chopin_ballade1,JIA06M,1144-1225,0.0,0.0,0.0,Pass1,0.0
chopin_ballade1,JIA06M,1225-1228,0.0,0.0,0.0,Pass1,0.0
chopin_ballade1,JIA06M,1228-1406,0.0,0.0,0.0,Pass1,0.0
chopin_ballade1,JIA06M,1406-1410,0.0,0.0,0.0,Pass1,0.0
chopin_ballade1,JIA06M,1410-1422,0.0,0.0,0.0,Pass1,0.0
chopin_ballade1,JIA06M,1422-1426,0.0,0.0,0.0,Pass1,0.0
chopin_ballade1,JIA06M,1426-1430,0.0,0.0,0.0,Pass1,0.0
chopin_ballade1,JIA06M,1430-1434,0.0,0.0,0.0,Pass1,0.0
chopin_ballade1,JIA06M,1434-1462,0.0,0.0,0.0,Pass1,0.0
chopin_ballade1,KimSuyeon04M,0-28,0.0,0.0,3.4482758620689653,Dixon+CQT,3.4482758620689653
chopin_ballade1,KimSuyeon04M,28-166,0.0,0.0,0.0,Pass1,0.0
chopin_ballade1,KimSuyeon04M,166-221,0.0,0.0,0.0,Pass1,0.0
chopin_ballade1,KimSuyeon04M,221-244,0.0,0.0,0.0,Pass1,0.0
chopin_ballade1,KimSuyeon04M,244-370,12.195121951219512,7.317073170731707,4.878048780487805,Pass1,12.195121951219512
chopin_ballade1,KimSuyeon04M,370-387,0.0,0.0,50.0,Dixon+CQT,50.0
chopin_ballade1,KimSuyeon04M,387-532,87.5,0.0,91.66666666666666,Dixon+CQT,91.66666666666666
chopin_ballade1,KimSuyeon04M,532-691,86.79245283018868,0.0,94.33962264150944,Dixon+CQT,94.33962264150944
chopin_ballade1,KimSuyeon04M,691-703,100.0,75.0,100.0,Pass1,100.0
chopin_ballade1,KimSuyeon04M,703-736,72.72727272727273,72.72727272727273,63.63636363636363,Pass1,72.72727272727273
chopin_ballade1,KimSuyeon04M,736-808,54.166666666666664,70.83333333333334,8.333333333333332,Pass2,70.83333333333334
chopin_ballade1,KimSuyeon04M,808-1066,55.81395348837209,55.81395348837209,0.0,Pass1,55.81395348837209
chopin_ballade1,KimSuyeon04M,1066-1072,0.0,0.0,0.0,Pass1,0.0
chopin_ballade1,KimSuyeon04M,1072-1126,33.33333333333333,27.77777777777778,0.0,Pass1,33.33333333333333
chopin_ballade1,KimSuyeon04M,1126-1132,100.0,100.0,0.0,Pass1,100.0
chopin_ballade1,KimSuyeon04M,1132-1144,100.0,100.0,0.0,Pass1,100.0
chopin_ballade1,KimSuyeon04M,1144-1225,81.48148148148148,0.0,0.0,Pass1,81.48148148148148
chopin_ballade1,KimSuyeon04M,1225-1228,100.0,0.0,0.0,Pass1,100.0
chopin_ballade1,KimSuyeon04M,1228-1406,57.54189944134078,55.3072625698324,0.0,Pass1,57.54189944134078
chopin_ballade1,KimSuyeon04M,1406-1410,0.0,0.0,0.0,Pass1,0.0
chopin_ballade1,KimSuyeon04M,1410-1422,0.0,0.0,0.0,Pass1,0.0
chopin_ballade1,KimSuyeon04M,1422-1426,0.0,0.0,0.0,Pass1,0.0
chopin_ballade1,KimSuyeon04M,1426-1430,100.0,25.0,0.0,Pass1,100.0
chopin_ballade1,KimSuyeon04M,1430-1434,25.0,25.0,0.0,Pass1,25.0
chopin_ballade1,KimSuyeon04M,1434-1462,66.66666666666666,66.66666666666666,0.0,Pass1,66.66666666666666
chopin_ballade1,Mo07M,0-28,0.0,0.0,10.344827586206897,Dixon+CQT,10.344827586206897
chopin_ballade1,Mo07M,28-166,0.0,0.0,0.0,Pass1,0.0
chopin_ballade1,Mo07M,166-221,0.0,0.0,0.0,Pass1,0.0
chopin_ballade1,Mo07M,221-244,0.0,0.0,0.0,Pass1,0.0
chopin_ballade1,Mo07M,244-370,2.4390243902439024,0.0,0.0,Pass1,2.4390243902439024
chopin_ballade1,Mo07M,370-387,16.666666666666664,0.0,0.0,Pass1,16.666666666666664
chopin_ballade1,Mo07M,387-532,87.5,0.0,0.0,Pass1,87.5
chopin_ballade1,Mo07M,532-691,90.56603773584906,0.0,0.0,Pass1,90.56603773584906
chopin_ballade1,Mo07M,691-703,75.0,0.0,0.0,Pass1,75.0
chopin_ballade1,Mo07M,703-736,18.181818181818183,0.0,0.0,Pass1,18.181818181818183
chopin_ballade1,Mo07M,736-808,0.0,0.0,0.0,Pass1,0.0
chopin_ballade1,Mo07M,808-1066,0.0,86.04651162790698,40.69767441860465,Pass2,86.04651162790698
chopin_ballade1,Mo07M,1066-1072,0.0,100.0,100.0,Pass2,100.0
chopin_ballade1,Mo07M,1072-1126,0.0,94.44444444444444,77.77777777777779,Pass2,94.44444444444444
chopin_ballade1,Mo07M,1126-1132,0.0,100.0,100.0,Pass2,100.0
chopin_ballade1,Mo07M,1132-1144,0.0,0.0,75.0,Dixon+CQT,75.0
chopin_ballade1,Mo07M,1144-1225,0.0,0.0,37.03703703703704,Dixon+CQT,37.03703703703704
chopin_ballade1,Mo07M,1225-1228,0.0,0.0,100.0,Dixon+CQT,100.0
chopin_ballade1,Mo07M,1228-1406,0.0,53.072625698324025,67.0391061452514,Dixon+CQT,67.0391061452514
chopin_ballade1,Mo07M,1406-1410,0.0,0.0,0.0,Pass1,0.0
chopin_ballade1,Mo07M,1410-1422,0.0,0.0,0.0,Pass1,0.0
chopin_ballade1,Mo07M,1422-1426,0.0,0.0,0.0,Pass1,0.0
chopin_ballade1,Mo07M,1426-1430,0.0,0.0,0.0,Pass1,0.0
chopin_ballade1,Mo07M,1430-1434,0.0,0.0,0.0,Pass1,0.0
chopin_ballade1,Mo07M,1434-1462,0.0,44.44444444444444,0.0,Pass2,44.44444444444444
chopin_ballade1,Richardson13M,0-28,0.0,0.0,0.0,Pass1,0.0
chopin_ballade1,Richardson13M,28-166,0.0,0.0,0.0,Pass1,0.0
chopin_ballade1,Richardson13M,166-221,0.0,0.0,0.0,Pass1,0.0
chopin_ballade1,Richardson13M,221-244,0.0,0.0,0.0,Pass1,0.0
chopin_ballade1,Richardson13M,244-370,14.634146341463413,2.4390243902439024,2.4390243902439024,Pass1,14.634146341463413
chopin_ballade1,Richardson13M,370-387,0.0,0.0,66.66666666666666,Dixon+CQT,66.66666666666666
chopin_ballade1,Richardson13M,387-532,83.33333333333334,0.0,91.66666666666666,Dixon+CQT,91.66666666666666
chopin_ballade1,Richardson13M,532-691,96.22641509433963,0.0,90.56603773584906,Pass1,96.22641509433963
chopin_ballade1,Richardson13M,691-703,75.0,0.0,100.0,Dixon+CQT,100.0
chopin_ballade1,Richardson13M,703-736,72.72727272727273,9.090909090909092,63.63636363636363,Pass1,72.72727272727273
chopin_ballade1,Richardson13M,736-808,0.0,0.0,4.166666666666666,Dixon+CQT,4.166666666666666
chopin_ballade1,Richardson13M,808-1066,0.0,0.0,0.0,Pass1,0.0
chopin_ballade1,Richardson13M,1066-1072,0.0,0.0,0.0,Pass1,0.0
chopin_ballade1,Richardson13M,1072-1126,0.0,0.0,0.0,Pass1,0.0
chopin_ballade1,Richardson13M,1126-1132,0.0,0.0,0.0,Pass1,0.0
chopin_ballade1,Richardson13M,1132-1144,0.0,0.0,0.0,Pass1,0.0
chopin_ballade1,Richardson13M,1144-1225,0.0,0.0,0.0,Pass1,0.0
chopin_ballade1,Richardson13M,1225-1228,0.0,0.0,0.0,Pass1,0.0
chopin_ballade1,Richardson13M,1228-1406,0.0,0.0,0.0,Pass1,0.0
chopin_ballade1,Richardson13M,1406-1410,0.0,0.0,0.0,Pass1,0.0
chopin_ballade1,Richardson13M,1410-1422,0.0,0.0,0.0,Pass1,0.0
chopin_ballade1,Richardson13M,1422-1426,0.0,0.0,0.0,Pass1,0.0
chopin_ballade1,Richardson13M,1426-1430,0.0,0.0,0.0,Pass1,0.0
chopin_ballade1,Richardson13M,1430-1434,0.0,0.0,0.0,Pass1,0.0
chopin_ballade1,Richardson13M,1434-1462,0.0,0.0,33.33333333333333,Dixon+CQT,33.33333333333333
chopin_ballade1,Sladek04M,0-28,0.0,0.0,24.137931034482758,Dixon+CQT,24.137931034482758
chopin_ballade1,Sladek04M,28-166,80.43478260869566,0.0,67.3913043478261,Pass1,80.43478260869566
chopin_ballade1,Sladek04M,166-221,83.33333333333334,0.0,77.77777777777779,Pass1,83.33333333333334
chopin_ballade1,Sladek04M,221-244,75.0,0.0,100.0,Dixon+CQT,100.0
chopin_ballade1,Sladek04M,244-370,0.0,4.878048780487805,21.951219512195124,Dixon+CQT,21.951219512195124
chopin_ballade1,Sladek04M,370-387,0.0,0.0,16.666666666666664,Dixon+CQT,16.666666666666664
chopin_ballade1,Sladek04M,387-532,0.0,95.83333333333334,87.5,Pass2,95.83333333333334
chopin_ballade1,Sladek04M,532-691,0.0,81.13207547169812,84.90566037735849,Dixon+CQT,84.90566037735849
chopin_ballade1,Sladek04M,691-703,0.0,75.0,100.0,Dixon+CQT,100.0
chopin_ballade1,Sladek04M,703-736,0.0,18.181818181818183,45.45454545454545,Dixon+CQT,45.45454545454545
chopin_ballade1,Sladek04M,736-808,0.0,0.0,4.166666666666666,Dixon+CQT,4.166666666666666
chopin_ballade1,Sladek04M,808-1066,0.0,0.0,0.0,Pass1,0.0
chopin_ballade1,Sladek04M,1066-1072,0.0,0.0,0.0,Pass1,0.0
chopin_ballade1,Sladek04M,1072-1126,0.0,0.0,0.0,Pass1,0.0
chopin_ballade1,Sladek04M,1126-1132,0.0,0.0,0.0,Pass1,0.0
chopin_ballade1,Sladek04M,1132-1144,0.0,0.0,0.0,Pass1,0.0
chopin_ballade1,Sladek04M,1144-1225,0.0,0.0,0.0,Pass1,0.0
chopin_ballade1,Sladek04M,1225-1228,0.0,0.0,0.0,Pass1,0.0
chopin_ballade1,Sladek04M,1228-1406,0.0,0.0,0.0,Pass1,0.0
chopin_ballade1,Sladek04M,1406-1410,0.0,0.0,0.0,Pass1,0.0
chopin_ballade1,Sladek04M,1410-1422,0.0,0.0,0.0,Pass1,0.0
chopin_ballade1,Sladek04M,1422-1426,0.0,0.0,0.0,Pass1,0.0
chopin_ballade1,Sladek04M,1426-1430,0.0,0.0,0.0,Pass1,0.0
chopin_ballade1,Sladek04M,1430-1434,0.0,0.0,0.0,Pass1,0.0
chopin_ballade1,Sladek04M,1434-1462,0.0,0.0,0.0,Pass1,0.0
chopin_ballade1,Zhou06M,0-28,0.0,0.0,0.0,Pass1,0.0
chopin_ballade1,Zhou06M,28-166,0.0,0.0,71.73913043478261,Dixon+CQT,71.73913043478261
chopin_ballade1,Zhou06M,166-221,0.0,0.0,77.77777777777779,Dixon+CQT,77.77777777777779
chopin_ballade1,Zhou06M,221-244,0.0,0.0,100.0,Dixon+CQT,100.0
chopin_ballade1,Zhou06M,244-370,2.4390243902439024,2.4390243902439024,29.268292682926827,Dixon+CQT,29.268292682926827
chopin_ballade1,Zhou06M,370-387,16.666666666666664,0.0,16.666666666666664,Pass1,16.666666666666664
chopin_ballade1,Zhou06M,387-532,91.66666666666666,91.66666666666666,89.58333333333334,Pass1,91.66666666666666
chopin_ballade1,Zhou06M,532-691,83.01886792452831,84.90566037735849,81.13207547169812,Pass2,84.90566037735849
chopin_ballade1,Zhou06M,691-703,75.0,75.0,75.0,Pass1,75.0
chopin_ballade1,Zhou06M,703-736,63.63636363636363,54.54545454545454,54.54545454545454,Pass1,63.63636363636363
chopin_ballade1,Zhou06M,736-808,41.66666666666667,50.0,0.0,Pass2,50.0
chopin_ballade1,Zhou06M,808-1066,48.837209302325576,46.51162790697674,0.0,Pass1,48.837209302325576
chopin_ballade1,Zhou06M,1066-1072,0.0,0.0,0.0,Pass1,0.0
chopin_ballade1,Zhou06M,1072-1126,0.0,0.0,0.0,Pass1,0.0
chopin_ballade1,Zhou06M,1126-1132,0.0,0.0,0.0,Pass1,0.0
chopin_ballade1,Zhou06M,1132-1144,0.0,0.0,0.0,Pass1,0.0
chopin_ballade1,Zhou06M,1144-1225,0.0,0.0,0.0,Pass1,0.0
chopin_ballade1,Zhou06M,1225-1228,0.0,0.0,0.0,Pass1,0.0
chopin_ballade1,Zhou06M,1228-1406,0.0,0.0,0.0,Pass1,0.0
chopin_ballade1,Zhou06M,1406-1410,0.0,0.0,0.0,Pass1,0.0
chopin_ballade1,Zhou06M,1410-1422,0.0,0.0,0.0,Pass1,0.0
chopin_ballade1,Zhou06M,1422-1426,0.0,0.0,0.0,Pass1,0.0
chopin_ballade1,Zhou06M,1426-1430,0.0,0.0,0.0,Pass1,0.0
chopin_ballade1,Zhou06M,1430-1434,0.0,0.0,0.0,Pass1,0.0
chopin_ballade1,Zhou06M,1434-1462,0.0,0.0,0.0,Pass1,0.0
