beat_idx,gt_beat,gt_time_s,pred_time_s,err_ms,ok,section_idx,chosen_tracker
0,0.0,1.0078125,0.0,1007.8125,1,0,Dixon+CQT
1,1.0000000000000002,2.205208333333333,1.1,1105.208333333333,1,0,Dixon+CQT
2,2.0000000000000004,3.4026041666666664,1.4666666666666666,1935.9375,1,0,Dixon+CQT
3,3.0000000000000004,4.6,4.0,599.9999999999997,1,0,Dixon+CQT
4,4.0,5.6,4.566666666666666,1033.3333333333333,1,0,Dixon+CQT
5,5.0,6.3942705,4.8,1594.2705000000003,1,0,Dixon+CQT
6,6.0,7.143228999999999,0.7666666666666667,6376.562333333332,1,0,Dixon+CQT
7,6.999999999999998,7.938021000000001,6.3,1638.021000000001,1,0,Dixon+CQT
8,7.9999999999999964,9.0489585,7.133333333333334,1915.6251666666656,1,0,Dixon+CQT
9,8.999999999999993,10.2046875,10.2,4.687500000001066,1,0,Dixon+CQT
10,9.999999999999991,11.438021,11.433333333333334,4.687666666667312,1,0,Dixon+CQT
11,10.999999999999988,13.521875,13.1,421.875,1,0,Dixon+CQT
12,11.999999999999988,15.4971355,14.933333333333334,563.8021666666671,1,0,Dixon+CQT
13,12.999999999999984,17.472396,15.8,1672.395999999999,1,0,Dixon+CQT
14,13.999999999999984,18.3885415,14.7,3688.5415,1,0,Dixon+CQT
15,14.999999999999984,19.359896,14.466666666666669,4893.229333333333,1,0,Dixon+CQT
16,15.999999999999982,20.530208,14.833333333333334,5696.874666666664,1,0,Dixon+CQT
17,16.999999999999982,22.1578125,14.933333333333334,7224.479166666665,1,0,Dixon+CQT
18,17.999999999999982,24.33125,14.9,9431.25,1,0,Dixon+CQT
19,18.999999999999982,25.958984375,14.7,11258.984375,1,0,Dixon+CQT
20,19.999999999999982,27.58671875000001,14.933333333333334,12653.385416666675,1,0,Dixon+CQT
21,20.999999999999982,29.214453125,15.3,13914.453124999998,1,0,Dixon+CQT
22,21.999999999999982,30.8421875,15.7,15142.187500000002,1,0,Dixon+CQT
23,22.999999999999982,32.01119775,15.766666666666667,16244.531083333335,1,0,Dixon+CQT
24,23.999999999999982,33.180208,15.766666666666667,17413.541333333334,1,0,Dixon+CQT
25,24.999999999999982,34.7968748,15.766666666666667,19030.208133333334,1,0,Dixon+CQT
26,25.99999999999998,36.4135416,26.53333333333333,9880.208266666668,1,0,Dixon+CQT
27,26.99999999999998,38.0302084,26.466666666666665,11563.541733333332,1,0,Dixon+CQT
28,27.99999999999998,39.6468752,26.666666666666668,12980.208533333329,1,0,Dixon+CQT
29,30.999999999999936,41.263542,22.0,19263.54,1,1,Pass1
30,33.99999999999994,43.207292,22.7,20507.29,1,1,Pass1
31,36.99999999999995,44.675,29.7,14975.0,1,1,Pass1
32,39.99999999999995,46.085417,31.0,15085.42,1,1,Pass1
33,42.999999999999936,47.6432295,31.53333333333333,16109.9,1,1,Pass1
34,45.9999999999999,49.201042,34.833333333333336,14367.71,1,1,Pass1
35,48.9999999999999,50.427083,38.23333333333333,12193.75,1,1,Pass1
36,51.9999999999999,52.055208,39.73333333333333,12321.87,1,1,Pass1
37,54.99999999999989,53.7880205,41.1,12688.02,1,1,Pass1
38,57.99999999999986,55.520833,42.96666666666667,12554.17,1,1,Pass1
39,60.99999999999986,56.8875,44.766666666666666,12120.83,1,1,Pass1
40,63.999999999999886,58.378125,45.96666666666667,12411.46,1,1,Pass1
41,66.99999999999986,59.780208,47.16666666666666,12613.54,1,1,Pass1
42,69.99999999999983,61.91875,47.86666666666667,14052.08,1,1,Pass1
43,72.99999999999983,63.240625,49.3,13940.63,1,1,Pass1
44,75.99999999999983,64.928125,51.16666666666666,13761.46,1,1,Pass1
45,78.99999999999983,66.6541665,51.4,15254.17,1,1,Pass1
46,81.99999999999979,68.380208,54.4,13980.21,1,1,Pass1
47,84.99999999999979,69.811458,55.1,14711.46,1,1,Pass1
48,87.99999999999974,71.251042,55.6,15651.04,1,1,Pass1
49,90.99999999999972,72.657292,55.93333333333333,16723.96,1,1,Pass1
50,93.99999999999991,74.063542,56.16666666666666,17896.88,1,1,Pass1
51,96.9999999999999,75.328125,60.333333333333336,14994.79,1,1,Pass1
52,99.9999999999999,76.991667,60.56666666666667,16425.0,1,1,Pass1
53,102.99999999999982,78.80572950000001,60.833333333333336,17972.4,1,1,Pass1
54,106.00000000000004,80.619792,61.66666666666666,18953.13,1,1,Pass1
55,108.99999999999994,81.91041700000002,64.93333333333334,16977.08,1,1,Pass1
56,111.99999999999991,83.442708,65.83333333333333,17609.37,1,1,Pass1
57,114.99999999999991,84.979167,66.13333333333334,18845.83,1,1,Pass1
58,117.99999999999984,86.178125,68.2,17978.12,1,1,Pass1
59,120.99999999999974,87.382292,68.43333333333334,18948.96,1,1,Pass1
60,123.9999999999998,89.0484375,68.66666666666667,20381.77,1,1,Pass1
61,126.99999999999972,90.197917,68.9,21297.92,1,1,Pass1
62,129.9999999999997,91.231771,69.23333333333333,21998.44,1,1,Pass1
63,132.99999999999966,91.897917,72.5,19397.92,1,1,Pass1
64,135.9999999999996,93.707292,73.66666666666667,20040.63,1,1,Pass1
65,138.99999999999957,95.026042,75.63333333333334,19392.71,1,1,Pass1
66,141.99999999999952,96.375,77.13333333333334,19241.67,1,1,Pass1
67,144.9999999999995,97.790625,81.63333333333334,16157.29,1,1,Pass1
68,147.99999999999943,99.190625,82.06666666666666,17123.96,1,1,Pass1
69,150.9999999999994,100.791667,83.3,17491.67,1,1,Pass1
70,153.9999999999994,102.55625,86.86666666666666,15689.58,1,1,Pass1
71,156.99999999999935,104.211458,87.76666666666667,16444.79,1,1,Pass1
72,159.9999999999993,105.758333,88.0,17758.33,1,1,Pass1
73,162.99999999999923,107.439583,88.23333333333333,19206.25,1,1,Pass1
74,165.9999999999992,108.938542,88.5,20438.54,1,1,Pass1
75,168.9999999999992,110.444792,89.46666666666667,20978.13,1,2,Pass1
76,171.9999999999992,111.988021,91.66666666666669,20321.35,1,2,Pass1
77,174.9999999999992,113.939583,92.26666666666668,21672.92,1,2,Pass1
78,177.99999999999926,115.3828125,92.56666666666666,22816.15,1,2,Pass1
79,180.9999999999992,117.23125,93.86666666666666,23364.58,1,2,Pass1
80,183.9999999999989,119.4072915,94.26666666666668,25140.62,1,2,Pass1
81,186.99999999999903,121.709375,95.86666666666666,25842.71,1,2,Pass1
82,189.999999999999,123.1671875,97.7,25467.19,1,2,Pass1
83,192.99999999999895,125.244271,98.6,26644.27,1,2,Pass1
84,195.99999999999895,128.202604,100.03333333333332,28169.27,1,2,Pass1
85,198.99999999999883,130.192708,100.7,29492.71,1,2,Pass1
86,201.9999999999988,131.65,101.8,29850.0,1,2,Pass1
87,204.99999999999872,132.901042,103.46666666666668,29434.38,1,2,Pass1
88,207.99999999999864,134.04375,105.6,28443.75,1,2,Pass1
89,210.99999999999852,135.154167,105.9,29254.17,1,2,Pass1
90,213.9999999999985,136.211458,107.36666666666666,28844.79,1,2,Pass1
91,216.9999999999985,137.272917,108.2,29072.92,1,2,Pass1
92,219.99999999999835,138.272917,108.5,29772.92,1,2,Pass1
93,222.99999999999815,139.297396,109.46666666666668,29830.73,1,3,Pass1
94,225.99999999999807,140.1802085,111.7,28480.21,1,3,Pass1
95,228.99999999999807,141.0046875,117.53333333333332,23471.35,1,3,Pass1
96,231.99999999999807,141.74374999999995,121.1,20643.75,1,3,Pass1
97,234.999999999998,142.427604,122.56666666666666,19860.94,1,3,Pass1
98,237.999999999998,143.111458,123.8,19311.46,1,3,Pass1
99,240.99999999999807,143.715625,125.93333333333334,17782.29,1,3,Pass1
100,243.9999999999979,144.3338545,128.43333333333334,15900.52,1,3,Pass1
101,246.9999999999967,145.0036455,129.4,15603.65,1,4,Pass1
102,249.9999999999972,145.698958,129.86666666666667,15832.29,1,4,Pass1
103,252.9999999999976,146.31354199999996,131.33333333333334,14980.21,1,4,Pass1
104,255.9999999999976,146.902083,131.96666666666667,14935.42,1,4,Pass1
105,258.99999999999807,147.578125,135.9,11678.12,1,4,Pass1
106,261.9999999999985,148.2546875,137.93333333333334,10321.35,1,4,Pass1
107,264.999999999999,148.923958,138.16666666666666,10757.29,1,4,Pass1
108,267.999999999999,149.5651045,138.4,11165.1,1,4,Pass1
109,270.999999999999,150.3864585,139.0,11386.46,1,4,Pass1
110,273.9999999999985,151.0125,140.1,10912.5,1,4,Pass1
111,276.9999999999985,151.608854,141.73333333333332,9875.52,1,4,Pass1
112,279.99999999999807,152.21979199999996,147.0,5219.79,1,4,Pass1
113,282.99999999999807,152.849479,148.5,4349.48,1,4,Pass1
114,285.99999999999807,153.416667,149.53333333333333,3883.33,1,4,Pass1
115,288.99999999999807,154.009896,150.4,3609.9,1,4,Pass1
116,291.99999999999807,154.615625,151.46666666666667,3148.96,1,4,Pass1
117,294.99999999999807,155.201042,153.4,1801.04,1,4,Pass1
118,297.99999999999807,155.78697949999997,155.1,686.98,1,4,Pass1
119,300.99999999999807,156.396875,155.86666666666667,530.21,1,4,Pass1
120,303.99999999999807,156.9822915,157.2,217.71,1,4,Pass1
121,306.99999999999807,157.59635400000005,157.63333333333333,36.98,1,4,Pass1
122,309.99999999999807,158.2020835,158.8,597.92,1,4,Pass1
123,312.99999999999807,158.81510400000005,159.6,784.9,1,4,Pass1
124,315.99999999999807,159.58125,159.86666666666667,285.42,1,4,Pass1
125,318.99999999999807,160.357292,160.13333333333333,223.96,1,4,Pass1
126,321.9999999999984,160.971875,160.36666666666667,605.21,1,4,Pass1
127,324.9999999999984,161.588542,161.6,11.46,1,4,Pass1
128,327.9999999999984,162.29583300000004,164.93333333333334,2637.5,1,4,Pass1
129,330.9999999999984,163.002083,165.96666666666667,2964.58,1,4,Pass1
130,333.9999999999984,163.630208,168.06666666666666,4436.46,1,4,Pass1
131,336.9999999999984,164.255208,169.46666666666667,5211.46,1,4,Pass1
132,339.9999999999984,165.002083,171.96666666666667,6964.58,1,4,Pass1
133,342.9999999999984,165.88125,173.0,7118.75,1,4,Pass1
134,345.99999999999875,166.497917,174.53333333333333,8035.42,1,4,Pass1
135,348.99999999999875,167.128125,175.4,8271.87,1,4,Pass1
136,351.99999999999875,168.008333,176.4,8391.67,1,4,Pass1
137,354.99999999999875,168.857292,176.63333333333333,7776.04,1,4,Pass1
138,357.9999999999991,169.830208,176.86666666666667,7036.46,1,4,Pass1
139,360.99999999999903,170.770833,178.63333333333333,7862.5,1,4,Pass1
140,363.9999999999989,172.2317705,179.26666666666668,7034.9,1,4,Pass1
141,366.9999999999995,173.357292,179.5,6142.71,1,4,Pass1
142,370.0000000000001,174.546875,179.73333333333332,5186.46,1,5,Pass1
143,373.00000000000006,176.05286475,180.03333333333333,3980.47,1,5,Pass1
144,376.0000000000001,177.5588545,180.33333333333331,2774.48,1,5,Pass1
145,379.0000000000001,179.003646,180.63333333333333,1629.69,1,5,Pass1
146,382.0000000000001,180.4484375,180.9333333333333,484.9,1,5,Pass1
147,385.0000000000001,182.5395835,181.2333333333333,1306.25,1,5,Pass1
148,388.00000000000006,185.964583,181.53333333333333,4431.25,1,6,Pass1
149,391.00000000000006,187.58125,187.4333333333333,147.92,1,6,Pass1
150,394.00000000000006,188.756771,188.7333333333333,23.44,1,6,Pass1
151,397.00000000000006,190.04375,190.2333333333333,189.58,1,6,Pass1
152,400.00000000000006,191.236458,191.2333333333333,3.12,1,6,Pass1
153,403.00000000000006,192.288542,192.2333333333333,55.21,1,6,Pass1
154,406.00000000000006,193.5041665,193.5,4.17,1,6,Pass1
155,409.00000000000006,194.75625,193.9,856.25,1,6,Pass1
156,412.00000000000006,195.856771,194.96666666666667,890.1,1,6,Pass1
157,415.00000000000034,197.0458335,197.0,45.83,1,6,Pass1
158,418.00000000000034,198.0140625,197.7333333333333,280.73,1,6,Pass1
159,421.00000000000034,199.071875,198.96666666666667,105.21,1,6,Pass1
160,424.00000000000034,200.409896,200.2333333333333,176.56,1,6,Pass1
161,427.00000000000034,201.66875,201.63333333333333,35.42,1,6,Pass1
162,430.00000000000034,202.7541665,202.56666666666663,187.5,1,6,Pass1
163,433.00000000000034,203.883333,203.86666666666667,16.67,1,6,Pass1
164,436.00000000000034,205.996875,206.0,3.13,1,6,Pass1
165,439.00000000000034,207.315625,207.4,84.37,1,6,Pass1
166,442.00000000000034,208.5046875,208.5,4.69,1,6,Pass1
167,445.00000000000034,209.720833,210.0,279.17,1,6,Pass1
168,448.00000000000034,210.752083,210.76666666666668,14.58,1,6,Pass1
169,451.00000000000034,211.770833,211.7333333333333,37.5,1,6,Pass1
170,454.00000000000034,213.0109375,213.06666666666663,55.73,1,6,Pass1
171,457.00000000000034,214.280208,213.46666666666667,813.54,1,6,Pass1
172,460.0000000000007,216.2859375,214.6,1685.94,1,6,Pass1
173,463.0000000000007,218.1666665,218.0,166.67,1,6,Pass1
174,466.0000000000007,219.204167,219.2333333333333,29.17,1,6,Pass1
175,469.0000000000007,220.9625,220.3,662.5,1,6,Pass1
176,472.00000000000097,223.7765625,222.13333333333333,1643.23,1,6,Pass1
177,475.00000000000097,225.451042,225.76666666666668,315.62,1,6,Pass1
178,478.00000000000097,227.0010415,226.96666666666667,34.37,1,6,Pass1
179,481.00000000000097,228.45625,228.33333333333331,122.92,1,6,Pass1
180,484.00000000000097,229.915625,230.0,84.37,1,6,Pass1
181,487.00000000000097,231.240625,231.2333333333333,7.29,1,6,Pass1
182,490.00000000000097,232.6333335,232.66666666666663,33.33,1,6,Pass1
183,493.0000000000013,233.934375,233.96666666666667,32.29,1,6,Pass1
184,496.0000000000016,235.46875,235.53333333333333,64.58,1,6,Pass1
185,499.0000000000016,236.9875,237.03333333333333,45.83,1,6,Pass1
186,502.0000000000016,238.540625,238.6,59.37,1,6,Pass1
187,505.0000000000019,240.170833,240.16666666666663,4.17,1,6,Pass1
188,508.0000000000019,241.691146,241.7333333333333,42.19,1,6,Pass1
189,511.00000000000216,243.2,242.66666666666663,533.33,1,6,Pass1
190,514.0000000000022,244.593229,244.66666666666663,73.44,1,6,Pass1
191,517.0000000000025,245.884375,245.9,15.62,1,6,Pass1
192,520.0000000000028,247.2942705,247.1,194.27,1,6,Pass1
193,523.0000000000028,248.659375,248.63333333333333,26.04,1,6,Pass1
194,526.0000000000028,249.884896,249.66666666666663,218.23,1,6,Pass1
195,529.0000000000028,251.230208,251.36666666666667,136.46,1,6,Pass1
196,532.0000000000019,252.4526045,252.5,47.4,1,7,Pass1
197,535.0000000000019,254.130208,254.33333333333331,203.13,1,7,Pass1
198,538.0000000000019,255.496875,255.26666666666668,230.21,1,7,Pass1
199,541.0000000000019,257.791667,257.8666666666667,75.0,1,7,Pass1
200,544.000000000002,261.984375,259.6666666666667,2317.71,1,7,Pass1
201,547.0000000000019,264.080729,260.56666666666666,3514.06,1,7,Pass1
202,550.0000000000019,266.177083,266.0,177.08,1,7,Pass1
203,553.0000000000019,267.6390625,267.56666666666666,72.4,1,7,Pass1
204,556.0000000000018,269.11875,269.06666666666666,52.08,1,7,Pass1
205,559.0000000000018,270.86666649999995,270.3333333333333,533.33,1,7,Pass1
206,562.0000000000018,272.614583,272.43333333333334,181.25,1,7,Pass1
207,565.0000000000018,273.870833,273.96666666666664,95.83,1,7,Pass1
208,568.0000000000018,275.3140625,275.3666666666667,52.6,1,7,Pass1
209,571.0000000000018,277.11953125,276.0,1119.53,1,7,Pass1
210,574.0000000000017,278.925,277.43333333333334,1491.67,1,7,Pass1
211,577.0000000000015,280.23125,280.1,131.25,1,7,Pass1
212,580.0000000000023,281.424479,281.46666666666664,42.19,1,7,Pass1
213,583.0000000000024,282.916927,282.8333333333333,83.59,1,7,Pass1
214,586.0000000000025,284.409375,284.26666666666665,142.71,1,7,Pass1
215,589.0000000000038,285.646875,285.6,46.88,1,7,Pass1
216,592.0000000000044,286.7328125,286.7,32.81,1,7,Pass1
217,595.0000000000048,287.6541665000001,287.6333333333333,20.83,1,7,Pass1
218,598.0000000000048,288.633854,288.53333333333336,100.52,1,7,Pass1
219,601.0000000000055,289.5078125,289.46666666666664,41.15,1,7,Pass1
220,604.0000000000053,290.401042,290.3333333333333,67.71,1,7,Pass1
221,607.0000000000061,291.1703125,291.2333333333333,63.02,1,7,Pass1
222,610.0000000000061,291.9510415000001,291.9,51.04,1,7,Pass1
223,613.0000000000063,292.8494790000001,292.8333333333333,16.15,1,7,Pass1
224,616.0000000000063,294.523958,293.8333333333333,690.62,1,7,Pass1
225,619.0000000000065,295.941667,295.3333333333333,608.33,1,7,Pass1
226,622.0000000000066,297.001042,297.0,1.04,1,7,Pass1
227,625.0000000000066,297.866667,297.7333333333333,133.33,1,7,Pass1
228,628.0000000000067,298.689583,298.8,110.42,1,7,Pass1
229,631.0000000000067,299.419792,299.56666666666666,146.87,1,7,Pass1
230,634.0000000000069,300.284375,300.26666666666665,17.71,1,7,Pass1
231,637.0000000000069,300.9979170000001,300.8333333333333,164.58,1,7,Pass1
232,640.0000000000069,301.817708,301.43333333333334,384.37,1,7,Pass1
233,643.0000000000102,302.66875,302.6666666666667,2.08,1,7,Pass1
234,646.0000000000105,303.544792,303.7,155.21,1,7,Pass1
235,649.0000000000134,304.319792,304.2333333333333,86.46,1,7,Pass1
236,652.0000000000138,305.345833,305.3666666666667,20.83,1,7,Pass1
237,655.000000000014,306.340625,306.26666666666665,73.96,1,7,Pass1
238,658.0000000000143,307.2578125,307.2333333333333,24.48,1,7,Pass1
239,661.0000000000146,308.2947915000001,308.26666666666665,28.12,1,7,Pass1
240,664.0000000000149,309.6062500000001,309.6333333333333,27.08,1,7,Pass1
241,667.000000000015,310.5604165000001,311.06666666666666,506.25,1,7,Pass1
242,670.0000000000151,311.416667,311.56666666666666,150.0,1,7,Pass1
243,673.0000000000151,312.15625,312.03333333333336,122.92,1,7,Pass1
244,676.0000000000152,312.863542,312.9,36.46,1,7,Pass1
245,679.0000000000153,313.55625,313.6333333333333,77.08,1,7,Pass1
246,682.0000000000156,314.405208,314.3333333333333,71.87,1,7,Pass1
247,685.0000000000152,315.136458,314.93333333333334,203.12,1,7,Pass1
248,688.0000000000157,316.114583,316.1,14.58,1,7,Pass1
249,691.0000000000158,316.915104,316.93333333333334,18.23,1,8,Pass1
250,694.0000000000185,317.8015625000001,318.03333333333336,231.77,1,8,Pass1
251,697.000000000019,318.927083,318.96666666666664,39.58,1,8,Pass1
252,700.0000000000193,319.5890625,319.53333333333336,55.73,1,8,Pass1
253,703.0000000000194,320.2687499999999,320.3666666666667,97.92,1,9,Pass1
254,706.0000000000226,321.0,321.06666666666666,66.67,1,9,Pass1
255,709.0000000000229,321.990625,323.53333333333336,1542.71,1,9,Pass1
256,712.0000000000229,322.6895835,323.76666666666665,1077.08,1,9,Pass1
257,715.0000000000231,323.353125,324.03333333333336,680.21,1,9,Pass1
258,718.0000000000231,324.032292,324.26666666666665,234.37,1,9,Pass1
259,721.0000000000236,324.8619795,325.06666666666666,204.69,1,9,Pass1
260,724.0000000000238,326.05,326.03333333333336,16.67,1,9,Pass1
261,727.0000000000244,326.7697915,327.3666666666667,596.88,1,9,Pass1
262,730.0000000000247,327.465625,328.6,1134.38,1,9,Pass1
263,733.0000000000249,328.0208330000001,329.26666666666665,1245.83,1,9,Pass1
264,736.0000000000483,328.596875,329.6333333333333,1036.46,1,10,Pass2
265,739.0000000000483,329.1453125,329.8666666666667,721.35,1,10,Pass2
266,742.000000000048,329.725521,330.1,374.48,1,10,Pass2
267,745.000000000048,330.3072915,330.3666666666667,59.38,1,10,Pass2
268,748.0000000000479,330.886979,331.06666666666666,179.69,1,10,Pass2
269,751.0000000000479,331.478125,331.5,21.88,1,10,Pass2
270,754.0000000000476,332.0401045,332.06666666666666,26.56,1,10,Pass2
271,757.0000000000476,332.6,332.6,0.0,1,10,Pass2
272,760.0000000000474,333.1875,333.26666666666665,79.17,1,10,Pass2
273,763.0000000000472,333.7708330000001,333.8333333333333,62.5,1,10,Pass2
274,766.0000000000467,334.369271,334.43333333333334,64.06,1,10,Pass2
275,769.000000000047,334.941667,335.03333333333336,91.67,1,10,Pass2
276,772.0000000000462,335.5208335,335.46666666666664,54.17,1,10,Pass2
277,775.0000000000462,336.0828125000001,336.1333333333333,50.52,1,10,Pass2
278,778.0000000000459,336.6453125000001,336.76666666666665,121.35,1,10,Pass2
279,781.0000000000459,337.1994795,337.2333333333333,33.85,1,10,Pass2
280,784.0000000000457,337.8958335,337.9,4.17,1,10,Pass2
281,787.0000000000459,338.488542,338.46666666666664,21.88,1,10,Pass2
282,790.0000000000455,339.013542,338.93333333333334,80.21,1,10,Pass2
283,793.0000000000457,339.4859375,339.46666666666664,19.27,1,10,Pass2
284,796.0000000000452,340.090104,340.1,9.9,1,10,Pass2
285,799.0000000000485,340.670833,340.7333333333333,62.5,1,10,Pass2
286,802.000000000048,341.257292,341.26666666666665,9.37,1,10,Pass2
287,805.0000000000483,341.851042,341.76666666666665,84.38,1,10,Pass2
288,808.0000000000556,342.5828125,342.53333333333336,49.48,1,11,Pass2
289,811.0000000000556,343.325,343.3666666666667,41.67,1,11,Pass2
290,814.0000000000547,343.93125,343.93333333333334,2.08,1,11,Pass2
291,817.0000000000545,344.5541665,344.8333333333333,279.17,1,11,Pass2
292,820.0000000000539,345.13385400000016,345.1333333333333,0.52,1,11,Pass2
293,823.0000000000535,345.7151045,345.7,15.1,1,11,Pass2
294,826.0000000000535,346.3078125,346.2333333333333,74.48,1,11,Pass2
295,829.0000000000528,346.8671875,346.96666666666664,99.48,1,11,Pass2
296,832.0000000000525,347.4255205,347.56666666666666,141.15,1,11,Pass2
297,835.0000000000525,348.0328125,348.06666666666666,33.85,1,11,Pass2
298,838.0000000000516,348.62968750000016,348.6333333333333,3.65,1,11,Pass2
299,841.0000000000516,349.2015625,349.43333333333334,231.77,1,11,Pass2
300,844.0000000000508,349.76093749999984,349.76666666666665,5.73,1,11,Pass2
301,847.0000000000506,350.3666665,350.3333333333333,33.33,1,11,Pass2
302,850.0000000000506,350.95781250000016,350.8666666666667,91.15,1,11,Pass2
303,853.0000000000497,351.49375,351.56666666666666,72.92,1,11,Pass2
304,856.0000000000495,352.084375,352.1333333333333,48.96,1,11,Pass2
305,859.0000000000489,352.628125,352.6333333333333,5.21,1,11,Pass2
306,862.0000000000487,353.185417,353.3666666666667,181.25,1,11,Pass2
307,865.0000000000487,353.748958,353.93333333333334,184.38,1,11,Pass2
308,868.0000000000477,354.326042,354.43333333333334,107.29,1,11,Pass2
309,871.0000000000477,354.867708,354.8333333333333,34.37,1,11,Pass2
310,874.000000000047,355.432292,355.5,67.71,1,11,Pass2
311,877.0000000000437,355.970833,356.0,29.17,1,11,Pass2
312,880.0000000000434,356.546875,356.43333333333334,113.54,1,11,Pass2
313,883.0000000000425,357.225,357.4,175.0,1,11,Pass2
314,886.0000000000425,357.816667,357.76666666666665,50.0,1,11,Pass2
315,889.0000000000417,358.396875,358.43333333333334,36.46,1,11,Pass2
316,892.0000000000417,358.9625,359.0,37.5,1,11,Pass2
317,895.0000000000415,359.558333,359.7333333333333,175.0,1,11,Pass2
318,898.0000000000406,360.140625,360.3,159.38,1,11,Pass2
319,901.0000000000406,360.745833,360.73333333333335,12.5,1,11,Pass2
320,904.0000000000406,361.490104,361.4666666666666,23.44,1,11,Pass2
321,907.00000000004,362.109375,362.3666666666667,257.29,1,11,Pass2
322,910.0000000000396,362.669792,363.2,530.21,1,11,Pass2
323,913.0000000000388,363.258333,363.6,341.67,1,11,Pass2
324,916.0000000000388,363.771875,365.0,1228.12,1,11,Pass2
325,919.0000000000388,364.3572915,365.3,942.71,1,11,Pass2
326,922.0000000000376,364.908333,366.3666666666667,1458.33,1,11,Pass2
327,925.0000000000376,365.5291665,366.6666666666667,1137.5,1,11,Pass2
328,928.0000000000368,366.2260415,368.1,1873.96,1,11,Pass2
329,931.000000000036,366.961458,368.4,1438.54,1,11,Pass2
330,934.000000000036,367.4296875,368.8,1370.31,1,11,Pass2
331,937.0000000000352,367.992708,369.1,1107.29,1,11,Pass2
332,940.0000000000358,368.5177085,369.76666666666665,1248.96,1,11,Pass2
333,943.000000000036,369.05,370.1,1050.0,1,11,Pass2
334,946.0000000000352,369.55,370.76666666666665,1216.67,1,11,Pass2
335,949.0000000000348,370.14375,371.6333333333333,1489.58,1,11,Pass2
336,952.000000000034,370.6463545,371.9333333333333,1286.98,1,11,Pass2
337,955.0000000000344,371.586458,372.23333333333335,646.88,1,11,Pass2
338,958.000000000034,372.578125,372.6666666666667,88.54,1,11,Pass2
339,961.000000000033,373.041667,373.06666666666666,25.0,1,11,Pass2
340,964.0000000000329,373.4145835,373.4666666666666,52.08,1,11,Pass2
341,967.000000000031,374.057292,375.03333333333336,976.04,1,11,Pass2
342,970.000000000031,374.5625,375.3333333333333,770.83,1,11,Pass2
343,973.0000000000308,375.190625,376.3333333333333,1142.71,1,11,Pass2
344,976.00000000003,376.120833,377.6666666666667,1545.83,1,11,Pass2
345,979.0000000000304,377.307292,378.1333333333333,826.04,1,11,Pass2
346,982.0000000000308,378.273958,378.4666666666666,192.71,1,11,Pass2
347,985.0000000000296,379.030208,379.1,69.79,1,11,Pass2
348,988.0000000000292,379.722917,380.76666666666665,1043.75,1,11,Pass2
349,991.0000000000288,380.43125,381.06666666666666,635.42,1,11,Pass2
350,994.0000000000292,381.222917,381.8666666666667,643.75,1,11,Pass2
351,997.0000000000286,381.904167,382.4666666666666,562.5,1,11,Pass2
352,1000.0000000000288,382.803125,382.8,3.13,1,11,Pass2
353,1003.0000000000288,383.430208,383.53333333333336,103.13,1,11,Pass2
354,1006.0000000000284,384.494792,384.5,5.21,1,11,Pass2
355,1009.0000000000286,385.1515625,385.26666666666665,115.1,1,11,Pass2
356,1012.0000000000288,385.911458,386.26666666666665,355.21,1,11,Pass2
357,1015.0000000000284,386.541667,386.76666666666665,225.0,1,11,Pass2
358,1018.0000000000284,387.5125,387.3,212.5,1,11,Pass2
359,1021.0000000000276,388.458333,388.4333333333333,25.0,1,11,Pass2
360,1024.0000000000268,389.267708,389.3,32.29,1,11,Pass2
361,1027.0000000000282,389.9776045,390.56666666666666,589.06,1,11,Pass2
362,1030.0000000000275,390.929167,391.2,270.83,1,11,Pass2
363,1033.000000000028,391.7145835,391.76666666666665,52.08,1,11,Pass2
364,1036.000000000024,392.5015625,392.9666666666666,465.1,1,11,Pass2
365,1039.0000000000246,393.2322915,393.4,167.71,1,11,Pass2
366,1042.0000000000246,394.120833,394.1666666666667,45.83,1,11,Pass2
367,1045.000000000024,394.911458,395.4,488.54,1,11,Pass2
368,1048.000000000021,395.883333,396.06666666666666,183.33,1,11,Pass2
369,1051.0000000000214,396.832292,397.4666666666666,634.37,1,11,Pass2
370,1054.0000000000175,397.879167,397.9,20.83,1,11,Pass2
371,1057.0000000000173,398.802604,398.8,2.6,1,11,Pass2
372,1060.0000000000182,400.154167,400.0,154.17,1,11,Pass2
373,1063.0000000000186,401.026042,401.26666666666665,240.62,1,11,Pass2
374,1066.00000000001,401.963021,401.9333333333333,29.69,1,12,Pass2
375,1069.00000000001,402.932292,403.26666666666665,334.37,1,12,Pass2
376,1072.0000000000098,403.799479,403.9,100.52,1,13,Pass2
377,1075.0000000000098,404.585417,405.0,414.58,1,13,Pass2
378,1078.00000000001,405.4515625,405.6333333333333,181.77,1,13,Pass2
379,1081.0000000000102,406.3932295,406.4333333333333,40.1,1,13,Pass2
380,1084.0000000000102,407.646875,407.7,53.12,1,13,Pass2
381,1087.0000000000102,408.55625,409.5,943.75,1,13,Pass2
382,1090.0000000000102,409.396875,410.0,603.12,1,13,Pass2
383,1093.0000000000102,410.303125,410.8333333333333,530.21,1,13,Pass2
384,1096.0000000000105,411.1890625,413.03333333333336,1844.27,1,13,Pass2
385,1099.0000000000102,412.078125,414.26666666666665,2188.54,1,13,Pass2
386,1102.0000000000102,412.9234375,414.6666666666667,1743.23,1,13,Pass2
387,1105.0000000000102,413.8359375,415.06666666666666,1230.73,1,13,Pass2
388,1108.0000000000105,415.1192705,415.4666666666666,347.4,1,13,Pass2
389,1111.0000000000105,416.11875,416.6,481.25,1,13,Pass2
390,1114.0000000000107,417.077083,417.26666666666665,189.58,1,13,Pass2
391,1117.0000000000105,418.121875,418.1666666666667,44.79,1,13,Pass2
392,1120.0000000000107,419.6744795,419.73333333333335,58.85,1,13,Pass2
393,1123.000000000011,421.213542,421.4,186.46,1,13,Pass2
394,1126.0000000000098,422.888542,422.76666666666665,121.88,1,14,Pass1
395,1129.0000000000089,424.603125,424.9,296.88,1,14,Pass1
396,1132.0000000000086,426.105729,425.23333333333335,872.4,1,15,Pass1
397,1135.0000000000082,427.7,427.6666666666667,33.33,1,15,Pass1
398,1138.000000000008,429.304167,429.3333333333333,29.17,1,15,Pass1
399,1141.0000000000075,431.8625,432.06666666666666,204.17,1,15,Pass1
400,1144.000000000006,435.892708,435.9,7.29,1,16,Pass1
401,1147.000000000006,438.0630205,439.3333333333333,1270.31,1,16,Pass1
402,1150.0000000000064,440.233333,440.23333333333335,0.0,1,16,Pass1
403,1153.0000000000064,441.761979,441.4666666666666,295.31,1,16,Pass1
404,1156.0000000000066,443.25468750000016,443.23333333333335,21.35,1,16,Pass1
405,1159.0000000000066,445.0278647500001,444.4333333333333,594.53,1,16,Pass1
406,1162.0000000000066,446.801042,446.8333333333333,32.29,1,16,Pass1
407,1165.0000000000068,448.041667,448.0,41.67,1,16,Pass1
408,1168.0000000000064,449.747917,449.4,347.92,1,16,Pass1
409,1171.0000000000066,451.6682295,451.2,468.23,1,16,Pass1
410,1174.0000000000068,453.588542,452.9,688.54,1,16,Pass1
411,1177.000000000008,454.984896,454.6666666666667,318.23,1,16,Pass1
412,1180.0000000000086,456.166667,456.1666666666667,0.0,1,16,Pass1
413,1183.0000000000089,457.6484375,457.4666666666666,181.77,1,16,Pass1
414,1186.000000000009,459.130208,459.1666666666667,36.46,1,16,Pass1
415,1189.0000000000102,460.4140625,460.1666666666667,247.4,1,16,Pass1
416,1192.0000000000111,461.524479,461.3,224.48,1,16,Pass1
417,1195.000000000011,462.4140625,462.4666666666666,52.6,1,16,Pass1
418,1198.000000000011,463.365625,463.26666666666665,98.96,1,16,Pass1
419,1201.0000000000111,464.269792,464.23333333333335,36.46,1,16,Pass1
420,1204.0000000000111,465.096875,465.0,96.88,1,16,Pass1
421,1207.000000000011,465.9020835,465.8666666666667,35.42,1,16,Pass1
422,1210.0000000000111,466.665104,466.6333333333333,31.77,1,16,Pass1
423,1213.0000000000105,467.5078125,467.5,7.81,1,16,Pass1
424,1216.0000000000102,469.117708,469.03333333333336,84.37,1,16,Pass1
425,1219.0000000000102,470.865625,470.9,34.37,1,16,Pass1
426,1222.0000000000098,471.964583,471.8666666666667,97.92,1,16,Pass1
427,1225.0000000000125,473.021354,473.1,78.65,1,17,Pass1
428,1228.0000000000225,475.559896,474.4,1159.8960000000034,1,18,Dixon+CQT
429,1229.0000000000225,476.11875,475.8666666666667,252.08333333330305,1,18,Dixon+CQT
430,1230.0000000000184,476.44375,476.4,43.75000000004548,1,18,Dixon+CQT
431,1231.0000000000184,476.6979165,476.76666666666665,68.75016666663214,1,18,Dixon+CQT
432,1232.0000000000146,476.945833,476.9666666666666,20.83366666664688,1,18,Dixon+CQT
433,1233.0000000000148,477.133854,477.26666666666665,132.81266666666625,1,18,Dixon+CQT
434,1234.0000000000111,477.358333,477.5,141.666999999984,1,18,Dixon+CQT
435,1235.0000000000111,477.5645835,477.5,64.58349999996926,1,18,Dixon+CQT
436,1236.0000000000075,477.7385415,477.5,238.54149999999663,1,18,Dixon+CQT
437,1237.0000000000075,477.9895835,477.5,489.58349999998063,1,18,Dixon+CQT
438,1238.000000000004,478.23125000000016,478.3666666666667,135.41666666651508,1,18,Dixon+CQT
439,1239.000000000004,478.4140625,478.56666666666666,152.60416666666288,1,18,Dixon+CQT
440,1240.0000000000002,478.609375,479.3,690.6250000000114,1,18,Dixon+CQT
441,1241.0000000000005,478.7875,479.3,512.4999999999886,1,18,Dixon+CQT
442,1241.9999999999975,479.0,479.3,300.00000000001137,1,18,Dixon+CQT
443,1242.999999999997,479.1583335,483.4333333333333,4274.999833333368,1,18,Dixon+CQT
444,1243.9999999999936,479.39375,482.76666666666665,3372.91666666664,1,18,Dixon+CQT
445,1244.999999999993,479.761458,483.1666666666667,3405.208666666681,1,18,Dixon+CQT
446,1245.999999999992,479.966667,481.1333333333333,1166.6663333333531,1,18,Dixon+CQT
447,1246.9999999999916,480.188021,481.1333333333333,945.3123333333338,1,18,Dixon+CQT
448,1247.9999999999911,480.379167,481.1333333333333,754.1663333333304,1,18,Dixon+CQT
449,1248.9999999999902,480.577083,481.1333333333333,556.2503333333098,1,18,Dixon+CQT
450,1249.9999999999898,480.758333,481.1333333333333,375.0003333333325,1,18,Dixon+CQT
451,1250.9999999999893,480.938542,481.1333333333333,194.79133333334173,1,18,Dixon+CQT
452,1251.9999999999889,481.128125,481.1333333333333,5.2083333333143855,1,18,Dixon+CQT
453,1252.9999999999882,481.384896,481.1333333333333,251.5626666666435,1,18,Dixon+CQT
454,1253.9999999999875,481.631771,481.1333333333333,498.437666666689,1,18,Dixon+CQT
455,1254.999999999988,481.8046875,481.1333333333333,671.3541666666742,1,18,Dixon+CQT
456,1255.9999999999864,481.9895835,481.1333333333333,856.2501666666549,1,18,Dixon+CQT
457,1256.9999999999864,482.178125,481.1333333333333,1044.791666666697,1,18,Dixon+CQT
458,1257.9999999999854,482.404167,483.8333333333333,1429.1663333333418,1,18,Dixon+CQT
459,1258.9999999999854,482.5666665,484.23333333333335,1666.666833333352,1,18,Dixon+CQT
460,1259.999999999984,482.811458,484.56666666666666,1755.2086666666469,1,18,Dixon+CQT
461,1260.9999999999843,483.1546875,484.6666666666667,1511.9791666666629,1,18,Dixon+CQT
462,1261.999999999985,483.442708,483.53333333333336,90.62533333337797,1,18,Dixon+CQT
463,1262.9999999999843,483.679167,483.8,120.83300000000465,1,18,Dixon+CQT
464,1263.999999999984,483.8640625,485.6,1735.937500000034,1,18,Dixon+CQT
465,1264.999999999984,484.0692705,485.9666666666666,1897.396166666624,1,18,Dixon+CQT
466,1265.9999999999834,484.2682295,486.3333333333333,2065.1038333332963,1,18,Dixon+CQT
467,1266.999999999984,484.455208,486.4333333333333,1978.1253333333095,1,18,Dixon+CQT
468,1267.999999999984,484.716146,486.6,1883.854000000042,1,18,Dixon+CQT
469,1268.9999999999827,484.998958,485.1666666666667,167.7086666666696,1,18,Dixon+CQT
470,1269.9999999999827,485.195833,485.5,304.16700000000674,1,18,Dixon+CQT
471,1270.9999999999825,485.384375,485.56666666666666,182.2916666666856,1,18,Dixon+CQT
472,1271.9999999999816,485.5828125,486.3333333333333,750.5208333333258,1,18,Dixon+CQT
473,1272.9999999999811,485.7875,485.9666666666666,179.1666666666174,1,18,Dixon+CQT
474,1273.9999999999814,485.9958335,486.3333333333333,337.499833333311,1,18,Dixon+CQT
475,1274.999999999981,486.215625,486.4,184.37499999998863,1,18,Dixon+CQT
476,1275.9999999999811,486.508854,486.6333333333333,124.47933333334048,1,18,Dixon+CQT
477,1276.9999999999795,486.7682295,486.9333333333333,165.10383333331902,1,18,Dixon+CQT
478,1277.9999999999798,486.9640625,487.1,135.93750000001137,1,18,Dixon+CQT
479,1278.9999999999793,487.161979,487.3,138.02099999998063,1,18,Dixon+CQT
480,1279.9999999999789,487.359896,487.7,340.10399999999663,1,18,Dixon+CQT
481,1280.9999999999775,487.5682295,487.7,131.770500000016,1,18,Dixon+CQT
482,1281.9999999999775,487.7453125,487.73333333333335,11.979166666662875,1,18,Dixon+CQT
483,1282.999999999978,487.939583,487.73333333333335,206.24966666667888,1,18,Dixon+CQT
484,1283.9999999999768,488.1979165,487.73333333333335,464.5831666666709,1,18,Dixon+CQT
485,1284.9999999999768,488.465625,487.73333333333335,732.2916666666401,1,18,Dixon+CQT
486,1285.999999999976,488.6583335,487.73333333333335,925.0001666666208,1,18,Dixon+CQT
487,1286.9999999999754,488.8541665,487.73333333333335,1120.8331666666709,1,18,Dixon+CQT
488,1287.9999999999743,489.0442705,487.73333333333335,1310.9371666666334,1,18,Dixon+CQT
489,1288.9999999999736,489.252604,487.73333333333335,1519.2706666666709,1,18,Dixon+CQT
490,1289.9999999999732,489.442708,487.73333333333335,1709.3746666666334,1,18,Dixon+CQT
491,1290.9999999999734,489.652083,487.73333333333335,1918.749666666656,1,18,Dixon+CQT
492,1291.999999999973,489.888021,491.3333333333333,1445.3123333333338,1,18,Dixon+CQT
493,1292.9999999999732,490.261458,491.7,1438.541999999984,1,18,Dixon+CQT
494,1293.9999999999736,490.515625,491.7,1184.3749999999886,1,18,Dixon+CQT
495,1294.9999999999732,490.733333,491.7,966.6669999999726,1,18,Dixon+CQT
496,1295.9999999999734,490.938021,491.7,761.9789999999966,1,18,Dixon+CQT
497,1296.999999999973,491.1484375,491.7,551.5624999999886,1,18,Dixon+CQT
498,1297.999999999973,491.359375,491.7,340.62499999998863,1,18,Dixon+CQT
499,1298.9999999999725,491.528125,493.4333333333333,1905.2083333333485,1,18,Dixon+CQT
500,1299.9999999999725,491.8083335,493.76666666666665,1958.333166666648,1,18,Dixon+CQT
501,1300.9999999999711,492.0369795,493.9666666666666,1929.6871666666675,1,18,Dixon+CQT
502,1301.9999999999714,492.25,490.6333333333333,1616.6666666666742,1,18,Dixon+CQT
503,1302.999999999971,492.434896,490.6333333333333,1801.5626666666549,1,18,Dixon+CQT
504,1303.9999999999704,492.616667,490.6333333333333,1983.333666666681,1,18,Dixon+CQT
505,1304.9999999999698,492.825,490.6333333333333,2191.666666666663,1,18,Dixon+CQT
506,1305.9999999999702,493.103125,493.3666666666667,263.541666666697,1,18,Dixon+CQT
507,1306.9999999999695,493.382292,493.73333333333335,351.0413333333417,1,18,Dixon+CQT
508,1307.9999999999698,493.748958,493.8,51.04199999999537,1,18,Dixon+CQT
509,1308.9999999999693,494.1953125,494.2,4.687499999988631,1,18,Dixon+CQT
510,1309.9999999999695,494.419792,494.53333333333336,113.54133333338724,1,18,Dixon+CQT
511,1310.9999999999695,494.634375,494.8666666666667,232.29166666669695,1,18,Dixon+CQT
512,1311.9999999999693,494.830208,495.1666666666667,336.45866666665825,1,18,Dixon+CQT
513,1312.9999999999693,495.034375,495.1666666666667,132.29166666667425,1,18,Dixon+CQT
514,1313.9999999999686,495.230208,495.4,169.79199999997263,1,18,Dixon+CQT
515,1314.9999999999688,495.447396,495.56666666666666,119.2706666666936,1,18,Dixon+CQT
516,1315.9999999999684,495.711458,495.8,88.5420000000181,1,18,Dixon+CQT
517,1316.9999999999686,496.0963545,496.1666666666667,70.31216666666751,1,18,Dixon+CQT
518,1317.9999999999682,496.2916665,496.53333333333336,241.6668333333405,1,18,Dixon+CQT
519,1318.9999999999684,496.465625,496.6666666666667,201.04166666669695,1,18,Dixon+CQT
520,1319.9999999999677,496.689583,497.03333333333336,343.7503333333325,1,18,Dixon+CQT
521,1320.9999999999682,496.8989585,497.03333333333336,134.37483333336786,1,18,Dixon+CQT
522,1321.9999999999677,497.0989585,497.23333333333335,134.37483333336786,1,18,Dixon+CQT
523,1322.9999999999677,497.277083,497.8333333333333,556.2503333333098,1,18,Dixon+CQT
524,1323.9999999999677,497.484375,497.9,415.62499999997726,1,18,Dixon+CQT
525,1324.9999999999677,497.699479,497.9333333333333,233.8543333333405,1,18,Dixon+CQT
526,1325.9999999999677,497.88125,497.9333333333333,52.08333333331439,1,18,Dixon+CQT
527,1326.999999999967,498.084375,497.9333333333333,151.0416666666856,1,18,Dixon+CQT
528,1327.9999999999673,498.271875,498.6666666666667,394.7916666666629,1,18,Dixon+CQT
529,1328.9999999999668,498.4875,499.03333333333336,545.8333333333485,1,18,Dixon+CQT
530,1329.999999999967,498.698958,499.1,401.0420000000181,1,18,Dixon+CQT
531,1330.9999999999666,498.904167,499.6,695.8330000000501,1,18,Dixon+CQT
532,1331.9999999999668,499.173958,500.0,826.0419999999726,1,18,Dixon+CQT
533,1332.999999999963,499.434375,500.3666666666667,932.2916666666856,1,18,Dixon+CQT
534,1333.9999999999632,499.640625,499.8333333333333,192.7083333333144,1,18,Dixon+CQT
535,1334.9999999999593,499.834375,499.9666666666666,132.2916666666174,1,18,Dixon+CQT
536,1335.9999999999595,500.023958,499.9666666666666,57.29133333335312,1,18,Dixon+CQT
537,1336.9999999999563,500.227083,501.9333333333333,1706.250333333344,1,18,Dixon+CQT
538,1337.999999999956,500.425,502.23333333333335,1808.333333333337,1,18,Dixon+CQT
539,1338.9999999999527,500.617708,501.56666666666666,948.9586666666696,1,18,Dixon+CQT
540,1339.9999999999525,500.8171875,502.6333333333333,1816.145833333337,1,18,Dixon+CQT
541,1340.9999999999525,501.005208,502.9,1894.7919999999956,1,18,Dixon+CQT
542,1341.999999999952,501.1953125,503.4333333333333,2238.020833333337,1,18,Dixon+CQT
543,1342.9999999999488,501.402083,503.8666666666667,2464.5836666666696,1,18,Dixon+CQT
544,1343.999999999945,501.599479,504.23333333333335,2633.8543333333178,1,18,Dixon+CQT
545,1344.999999999942,501.805208,504.3,2494.792000000018,1,18,Dixon+CQT
546,1345.9999999999382,502.0375,504.3,2262.4999999999886,1,18,Dixon+CQT
547,1346.9999999999352,502.2869795,501.53333333333336,753.6461666666128,1,18,Dixon+CQT
548,1347.999999999931,502.585417,502.56666666666666,18.75033333334386,1,18,Dixon+CQT
549,1348.9999999999316,502.905208,502.9333333333333,28.125333333321123,1,18,Dixon+CQT
550,1349.9999999999286,503.119792,503.3666666666667,246.8746666666561,1,18,Dixon+CQT
551,1350.999999999928,503.33125,503.76666666666665,435.41666666664014,1,18,Dixon+CQT
552,1351.999999999925,503.530208,504.1666666666667,636.4586666666696,1,18,Dixon+CQT
553,1352.9999999999247,503.711458,504.2,488.54199999999537,1,18,Dixon+CQT
554,1353.9999999999216,503.919792,504.1666666666667,246.87466666671295,1,18,Dixon+CQT
555,1354.999999999921,504.114583,504.6,485.4170000000408,1,18,Dixon+CQT
556,1355.9999999999186,504.290625,505.1666666666667,876.0416666667084,1,18,Dixon+CQT
557,1356.999999999918,504.473958,505.4,926.0419999999954,1,18,Dixon+CQT
558,1357.9999999999152,504.661979,505.4333333333333,771.3543333333064,1,18,Dixon+CQT
559,1358.999999999915,504.838542,505.4333333333333,594.791333333319,1,18,Dixon+CQT
560,1359.999999999912,505.03125,505.4333333333333,402.0833333333371,1,18,Dixon+CQT
561,1360.9999999999116,505.225,507.0,1774.9999999999773,1,18,Dixon+CQT
562,1361.9999999999086,505.4177085,507.4333333333333,2015.6248333333335,1,18,Dixon+CQT
563,1362.9999999999093,505.654167,506.3333333333333,679.1663333333418,1,18,Dixon+CQT
564,1363.9999999999052,506.090104,506.4333333333333,343.2293333333405,1,18,Dixon+CQT
565,1364.9999999999056,506.37682300000006,506.4333333333333,56.5103333332786,1,18,Dixon+CQT
566,1365.9999999999052,506.663542,506.9333333333333,269.7913333333304,1,18,Dixon+CQT
567,1366.9999999999054,506.995833,507.1,104.1670000000181,1,18,Dixon+CQT
568,1367.9999999999052,507.23125,507.1,131.2499999999659,1,18,Dixon+CQT
569,1368.9999999999056,507.4625,507.1,362.4999999999545,1,18,Dixon+CQT
570,1369.9999999999054,507.663542,507.1,563.541999999984,1,18,Dixon+CQT
571,1370.999999999906,508.01875,507.1,918.7499999999886,1,18,Dixon+CQT
572,1371.9999999999056,508.182292,507.1,1082.2919999999954,1,18,Dixon+CQT
573,1372.9999999999063,508.55625,507.1,1456.2499999999543,1,18,Dixon+CQT
574,1373.999999999906,508.720833,507.1,1620.8330000000046,1,18,Dixon+CQT
575,1374.9999999999063,509.088542,507.1,1988.5419999999956,1,18,Dixon+CQT
576,1375.999999999907,509.23125000000016,507.1,2131.2500000001364,1,18,Dixon+CQT
577,1376.9999999999068,509.558333,509.7,141.666999999984,1,18,Dixon+CQT
578,1377.999999999907,509.760417,509.9333333333333,172.91633333331902,1,18,Dixon+CQT
579,1378.999999999907,510.020833,510.26666666666665,245.8336666666696,1,18,Dixon+CQT
580,1379.9999999999077,510.5067705,510.6666666666667,159.8961666666696,1,18,Dixon+CQT
581,1380.922916666573,510.992708,510.73333333333335,259.3746666666448,1,18,Dixon+CQT
582,1381.9999999999063,511.23125,511.23333333333335,2.0833333333598603,1,18,Dixon+CQT
583,1383.0770833332388,511.469792,511.56666666666666,96.87466666667888,1,18,Dixon+CQT
584,1383.9999999999052,511.666667,511.8333333333333,166.66633333329628,1,18,Dixon+CQT
585,1384.9999999999047,511.9,512.2333333333333,333.33333333337123,1,18,Dixon+CQT
586,1385.999999999905,512.103125,512.6,496.8750000000455,1,18,Dixon+CQT
587,1386.9999999999045,512.335417,513.0,664.5829999999933,1,18,Dixon+CQT
588,1387.9999999999047,512.5979169999998,513.4,802.0830000001524,1,18,Dixon+CQT
589,1389.0520833332382,512.955208,512.9666666666667,11.458666666726458,1,18,Dixon+CQT
590,1389.999999999905,513.2255205,513.2333333333333,7.812833333332492,1,18,Dixon+CQT
591,1390.9479166665712,513.4958330000002,513.2333333333333,262.49966666682667,1,18,Dixon+CQT
592,1391.9999999999047,513.852083,513.2333333333333,618.7496666666448,1,18,Dixon+CQT
593,1392.999999999904,514.180208,514.2,19.79200000005221,1,18,Dixon+CQT
594,1393.9999999999025,514.5125,514.5666666666667,54.166666666674246,1,18,Dixon+CQT
595,1394.999999999902,514.859375,514.9333333333333,73.95833333328028,1,18,Dixon+CQT
596,1395.9999999999006,515.210417,514.8,410.4170000000522,1,18,Dixon+CQT
597,1396.999999999932,515.7483336,515.7,48.333599999978105,1,18,Dixon+CQT
598,1397.999999999932,516.2862502,516.1,186.25020000001768,1,18,Dixon+CQT
599,1398.999999999932,516.8241668000002,516.5333333333333,290.83346666686793,1,18,Dixon+CQT
600,1399.999999999932,517.3620834,516.9333333333333,428.75006666668014,1,18,Dixon+CQT
601,1400.9520833332651,517.9,517.7666666666667,133.33333333332575,1,18,Dixon+CQT
602,1401.9999999999322,518.2520832499998,518.2666666666667,14.583416666823725,1,18,Dixon+CQT
603,1403.0479166665984,518.6041665,518.6333333333333,29.166833333306386,1,18,Dixon+CQT
604,1403.9999999999318,518.8984375,519.0,101.5625,1,18,Dixon+CQT
605,1404.9999999999318,520.803125,519.3333333333334,1469.7916666666515,1,18,Dixon+CQT
606,1405.999999999931,522.7078125,519.7333333333333,2974.479166666697,1,18,Dixon+CQT
607,1406.9999999999743,524.04869775,528.4,4351.3,1,19,Pass1
608,1407.999999999974,525.389583,528.7333333333333,3343.75,1,19,Pass1
609,1408.9999999999743,526.3482636666666,529.3,2951.74,1,19,Pass1
610,1409.9999999999743,527.3069443333334,530.0333333333333,2726.39,1,19,Pass1
611,1410.9999999999477,528.265625,530.3333333333334,2067.71,1,20,Pass1
612,1411.9999999999468,528.6296875,530.7666666666667,2136.98,1,20,Pass1
613,1412.999999166614,529.13515625,531.1333333333333,1998.18,1,20,Pass1
614,1413.999999999947,529.640625,531.2,1559.38,1,20,Pass1
615,1414.9999991666148,530.1815971666666,531.2333333333333,1051.74,1,20,Pass1
616,1415.9999991666143,530.7225693333334,531.3,577.43,1,20,Pass1
617,1417.0374999999474,531.2635415,531.3666666666667,103.13,1,20,Pass1
618,1417.999999166614,531.71276025,531.8333333333334,120.57,1,20,Pass1
619,1418.962499999946,532.161979,532.3333333333334,171.35,1,20,Pass1
620,1419.999999999945,532.666146,532.7333333333333,67.19,1,20,Pass1
621,1420.9999991666125,534.4747394999998,533.2,1274.74,1,20,Pass1
622,1421.9999999999454,536.283333,533.5666666666667,2716.67,1,20,Pass1
623,1422.9999995833064,537.611979,533.6666666666666,3945.31,1,21,Pass1
624,1423.999999999973,538.940625,534.3,4640.62,1,21,Pass1
625,1424.999999583306,540.033507,534.7,5333.51,1,21,Pass1
626,1425.999999583306,541.1263889999999,535.6,5526.39,1,21,Pass1
627,1426.9999999999452,542.2192709999998,537.0333333333333,5185.94,1,22,Pass1
628,1427.9999999999438,542.6541665,537.1,5554.17,1,22,Pass1
629,1429.0000008332777,543.140104,537.4333333333333,5706.77,1,22,Pass1
630,1429.9999999999443,543.6260414999998,541.6333333333333,1992.71,1,22,Pass1
631,1431.0000002777597,544.8773437499998,544.5333333333333,344.01,1,23,Pass1
632,1431.9999999999818,546.128646,545.0,1128.65,1,23,Pass1
633,1433.00000027776,546.7052082499998,545.5333333333333,1171.87,1,23,Pass1
634,1433.9999999999825,547.2817705,547.1333333333333,148.44,1,23,Pass1
635,1435.0000008332795,547.6166665000002,547.7,83.33,1,24,Pass1
636,1435.9999999999457,547.9515625,547.7333333333333,218.23,1,24,Pass1
637,1437.0000008332795,548.2338540000002,547.9666666666667,267.19,1,24,Pass1
638,1437.9999999999452,548.5161455,548.5666666666667,50.52,1,24,Pass1
639,1439.0000008332784,548.72031225,548.9,179.69,1,24,Pass1
640,1439.999999999944,548.924479,549.2,275.52,1,24,Pass1
641,1441.0000008332777,549.11484375,549.6,485.16,1,24,Pass1
642,1441.9999999999438,549.3052084999998,549.7333333333333,428.12,1,24,Pass1
643,1443.0000008332768,549.4815105,549.8,318.49,1,24,Pass1
644,1443.9999999999432,549.6578125,549.8333333333334,175.52,1,24,Pass1
645,1445.0000008332763,550.066796875,549.9,166.8,1,24,Pass1
646,1446.0000008332763,550.47578125,550.5666666666667,90.89,1,24,Pass1
647,1447.0000008332768,550.884765625,551.1333333333333,248.57,1,24,Pass1
648,1447.9999999999427,551.29375,551.2,93.75,1,24,Pass1
649,1449.0000008332763,551.8205730000002,551.4,420.57,1,24,Pass1
650,1450.0000008332763,552.347396,551.8,547.4,1,24,Pass1
651,1451.0000008332763,552.874219,551.9,974.22,1,24,Pass1
652,1451.9999999999432,553.401042,554.0666666666667,665.62,1,24,Pass1
